"","combinedPval","adjustedPval"
"sim_g045",0,0
"sim_g032",6.04177291101808e-290,5.69376426615379e-287
"sim_g064",1.61687142523072e-270,1.01582597023854e-267
"sim_g062",1.13155304177771e-259,5.33187556816489e-257
"sim_g106",4.24763318828765e-252,1.60118709652897e-249
"sim_g081",8.81968813224755e-252,2.77055680319889e-249
"sim_g118",5.83936872613348e-243,1.57229104197554e-240
"sim_g093",1.20428773280261e-236,2.83730064013752e-234
"sim_g027",6.48478892177487e-236,1.35805830434004e-233
"sim_g078",1.73631089465428e-226,3.27259732284448e-224
