"","combinedPval","adjustedPval"
"sim_g113",3.68591263642628e-24,6.94720505604448e-21
"sim_g000",3.53563467691709e-23,3.33198064179021e-20
"sim_g118",1.21688005095568e-21,7.64524834279627e-19
"sim_g063",4.44429996629668e-21,2.09415321536013e-18
"sim_g062",1.87115358569293e-20,7.05349742839553e-18
"sim_g001",6.4430413507789e-19,2.02397315869074e-16
"sim_g013",8.14224514680209e-19,2.19235669235817e-16
"sim_g004",2.13914609608222e-18,5.0398259672023e-16
"sim_g035",1.39185718419545e-16,2.91485695256004e-14
"sim_g092",3.0554458646167e-16,5.75890181155135e-14
