,auprc,auprc,auprc,auprc,auroc,auroc,auroc,auroc,kendall_tau,kendall_tau,kendall_tau,kendall_tau,ks_null,ks_null
method,Geary (-C),Moran,SOMDE (FSV),SPARK-X (-log10 p),Geary (-C),Moran,SOMDE (FSV),SPARK-X (-log10 p),Geary (-C),Moran,SOMDE (FSV),SPARK-X (-log10 p),SOMDE (FSV),SPARK-X (-log10 p)
difficulty,,,,,,,,,,,,,,
easy,1.0000000000000002,1.0000000000000002,0.6169341515551274,0.9629799704364985,1.0,1.0,0.7296222222222223,0.9494222222222223,0.7082882469748284,0.7082882469748284,0.3259941819575927,0.6366409558586192,0.17610476210294485,0.8464852271265498
hard,0.8813631074948511,0.8988097726132669,0.5716600316077218,0.8203110625072214,0.837111111111111,0.864488888888889,0.6637333333333333,0.7709333333333334,0.477543675849251,0.5163263923058283,0.23523134546909905,0.38379779142742704,0.380989658495556,0.100035002424253
medium,0.9874038361478941,0.9891719207629683,0.5845979380818203,0.9234416475516698,0.982488888888889,0.9850222222222222,0.7169111111111112,0.8858222222222223,0.6834824185918879,0.687071079043227,0.31153758373739293,0.546546690843421,0.43421342424910014,0.1359637481422597
